{
	"format_version": "1.8.0",
	"animations": {
		"animation.play18": {
			"loop": true,
			"animation_length": 120,
			"bones": {
				"root": {
					"rotation": [-0.55587, 0.58505, 9.96463],
					"position": [0, -2, 0]
				},
				"waist": {
					"rotation": [12.5, 0, 0]
				},
				"head": {
					"rotation": [0.50989, -0.48747, -7.46897]
				},
				"leftArm": {
					"rotation": [-109.45104, 32.0959, -4.1269],
					"position": [3, -2, 0]
				},
				"rightArm": {
					"rotation": [-53.6453, -12.80911, -12.02501],
					"position": [0, -2, 0]
				},
				"leftLeg": {
					"rotation": [-37.07723, 6.06809, 7.96341],
					"position": [1, 0, 0]
				},
				"rightLeg": {
					"rotation": [-62.21644, -9.39129, -3.45118],
					"position": [-1, 0, 0]
				}
			}
		}
	}
}