{
	"format_version": "1.8.0",
	"animations": {
		"animation.pose_11": {
			"animation_length": 60,
			"bones": {
				"root": {
					"position": [0, -9, 0]
				},
				"head": {
					"rotation": [45.36082, -8.86042, -4.65468]
				},
				"leftArm": {
					"rotation": [-22.8096, 12.54649, 4.22836],
					"position": [0, -1, 0]
				},
				"rightArm": {
					"rotation": [-22.50153, -25.5404, -27.28053],
					"position": [0, -1, 0]
				},
				"leftLeg": {
					"rotation": [-77.26617, -28.5288, 13.77915]
				},
				"rightLeg": {
					"rotation": [-80.58261, 3.61744, 2.03158]
				}
			}
		}
	}
}