{
	"format_version": "1.8.0",
	"animations": {
		"animation.play19": {
			"loop": true,
			"animation_length": 120,
			"bones": {
				"root": {
					"rotation": [2.40418, 1.08302, -6.99912],
					"position": [0, -9, 0]
				},
				"head": {
					"rotation": [10.49512, -0.24542, 7.47858],
					"position": [0, 0, 0]
				},
				"leftArm": {
					"rotation": [-37.5, 0, 0]
				},
				"rightArm": {
					"rotation": [-174.48692, -2.92844, 17.88968],
					"position": [0, -7, -3]
				},
				"leftLeg": {
					"rotation": [-40.04628, -27.03402, 18.18206],
					"position": [1, 3, -2]
				},
				"rightLeg": {
					"rotation": [-68.52406, 7.30111, -15.9477],
					"position": [-1, 1, -2]
				}
			}
		}
	}
}